patient_id,gemini_summary,bio_synthesis_score,bio_synthesis_justification,sys_reasoning_score,sys_reasoning_justification,clinical_action_score,clinical_action_justification
TCGA-A1-A0SB,"**Patient ID: TCGA-A1-A0SB**

---

### 1. Biological Synthesis of Discordant Outputs

The patient's transcriptomic profile reveals a tumor characterized by **high proliferative activity** alongside **estrogen receptor positivity** and **HER2-negativity**.

*   **High Proliferation (MKI67: 4.5):** MKI67 (Ki-67) is a well-established marker of cell proliferation. An expression level of 4.5 indicates a highly proliferative tumor, suggesting aggressive biological behavior and a higher immediate risk of recurrence. This high proliferation is the primary driver behind the ""High Risk"" classifications from assays like **Oncotype DX**, **PAM50** (likely classifying as Luminal B), **IHC4** (which incorporates Ki-67), and **IRRS-7**, all of which heavily weight cell cycle and proliferation genes in their risk stratification.
*   **Estrogen Receptor Positivity (ESR1: 2.1):** ESR1 encodes the Estrogen Receptor alpha. An expression level of 2.1 indicates an ER-positive tumor, which typically implies responsiveness to endocrine therapy. This feature is likely contributing to the ""Low Risk"" classifications from assays such as **BCI**, **Mammostrat**, **Kim-10**, and **Hu-11**. These assays may place a greater emphasis on endocrine sensitivity, long-term recurrence risk, or other favorable prognostic factors that are often associated with ER-positive disease, even if the tumor is highly proliferative.
*   **HER2-Negativity (ERBB2: 1.0):** The low expression of ERBB2 confirms the tumor is HER2-negative, ruling out a HER2-enriched subtype and the need for HER2-targeted therapies.

The core biological tension driving the discordance is the interplay between high proliferation (suggesting higher immediate risk) and ER-positivity (suggesting endocrine responsiveness and potentially lower long-term risk or overall better prognosis with appropriate therapy).

### 2. Systematic Root Cause of Discordance

The systematic root cause of the observed prognostic discordance lies in the **differential weighting and focus of various gene expression signatures** when confronted with a tumor exhibiting a **""Luminal B-like"" transcriptomic footprint**.

*   **Luminal B Subtype Characteristics:** Luminal B breast cancers are typically ER-positive, HER2-negative (or sometimes HER2-positive), and, critically, **highly proliferative** (high Ki-67). They are associated with a higher risk of recurrence and poorer prognosis compared to Luminal A tumors, despite being ER-positive.
*   **Assay-Specific Prioritization:**
    *   **High-Risk Assays (Oncotype DX, PAM50, IHC4, IRRS-7):** These assays prioritize the immediate risk associated with high cellular proliferation. Oncotype DX's Recurrence Score is heavily influenced by proliferation genes. PAM50's Luminal B classification is defined by high proliferation in an ER-positive context. IHC4 directly incorporates Ki-67. IRRS-7 also likely emphasizes proliferative activity. For these assays, the aggressive proliferative phenotype (MKI67: 4.5) overrides the favorable aspect of ER-positivity, leading to a high-risk classification.
    *   **Low-Risk Assays (BCI, Mammostrat, Kim-10, Hu-11):** These assays appear to either:
        *   Place a greater emphasis on the presence of ER-positivity and the potential for endocrine responsiveness (e.g., BCI's focus on endocrine sensitivity and late recurrence).
        *   Incorporate different gene sets that might reflect other favorable tumor microenvironment characteristics or pathways not directly linked to immediate proliferation (e.g., Mammostrat's focus on stromal response).
        *   Have a different threshold or weighting for proliferation markers, or their overall algorithm leads to a lower risk classification despite high proliferation in an ER-positive context.

In essence, the discordance is a direct consequence of different prognostic algorithms interpreting the same underlying biology (ER-positive, highly proliferative, HER2-negative breast cancer) through distinct lenses, with some prioritizing the immediate proliferative risk and others emphasizing endocrine sensitivity or other long-term prognostic factors.

### 3. Clinical Actionability

Given the patient's Stage IIA, ER-positive, HER2-negative breast invasive carcinoma with a highly proliferative transcriptomic profile (MKI67: 4.5), the consensus points towards a **Luminal B subtype**.

**Clinical Recommendation:**

Based on the strong evidence of high proliferation (MKI67) and the high-risk classifications from several prominent and clinically validated assays (Oncotype DX, PAM50, IHC4, IRRS-7), this patient is at a higher risk of recurrence despite being ER-positive.

1.  **Adjuvant Endocrine Therapy:** Due to the strong ESR1 expression, the patient is a candidate for adjuvant endocrine therapy (e.g., tamoxifen or aromatase inhibitors, depending on menopausal status) as per NCCN guidelines for ER-positive breast cancer.
2.  **Adjuvant Chemotherapy:** Given the high proliferative index (MKI67) and the high-risk scores from multiple assays, particularly Oncotype DX (which is widely used to guide chemotherapy decisions in ER-positive, HER2-negative disease), **adjuvant chemotherapy is strongly recommended** in addition to endocrine therapy. The high proliferation indicates a tumor that is more likely to benefit from systemic cytotoxic therapy to reduce the risk of early recurrence.
3.  **HER2-Targeted Therapy:** Not indicated, as ERBB2 expression is low (HER2-negative).

The discordance highlights the complexity of Luminal B tumors. While some assays suggest a lower risk, the consistent signal of high proliferation from assays specifically designed to assess recurrence risk in ER-positive disease (like Oncotype DX and PAM50 Luminal B) should guide the decision towards more aggressive systemic therapy to mitigate the immediate risk of recurrence.",5,"The text explicitly maps MKI67 to the cell proliferation pathway and ESR1 to the estrogen receptor signaling pathway, explaining how these distinct biological processes create the 'core biological tension' driving the discordant assay results. This is a clear, hallucination-free synthesis of the underlying biology.",5,The CDSS accurately diagnoses the exact root cause of discordance as the 'differential weighting and focus of various gene expression signatures' when interpreting a specific 'Luminal B-like' transcriptomic footprint. It precisely explains how different assays prioritize proliferation versus endocrine sensitivity within this unique biological context.,5,"The clinical recommendations are clear, specific, and directly actionable. They are firmly grounded in established clinical practice, referencing NCCN guidelines for endocrine therapy and the role of Oncotype DX in guiding chemotherapy decisions for ER-positive, HER2-negative disease. The recommendations directly address the implications of the identified Luminal B subtype and the high proliferative index."
TCGA-A2-A0T2,"**Patient ID:** TCGA-A2-A0T2
**Stage:** Stage IIB

---

### Resolution of Prognostic Discordance

**1. Biological Synthesis of Driving Pathways:**

The patient's transcriptomic profile reveals a tumor with two prominent and somewhat conflicting biological characteristics:

*   **Strong Estrogen Receptor (ER) Pathway Activity:** Indicated by very high ESR1 expression (5.8). This signifies a highly ER-positive tumor, which is typically associated with responsiveness to endocrine therapy and generally a more favorable prognosis compared to ER-negative subtypes.
*   **High Cell Proliferation:** Indicated by elevated MKI67 expression (1.2). MKI67 (Ki-67) is a well-established marker of cell proliferation. High levels suggest a rapidly dividing tumor with a higher intrinsic risk of recurrence and a more aggressive biological phenotype.
*   **HER2-Negative Status:** ERBB2 expression (1.1) is low, confirming the tumor is HER2-negative, ruling out HER2-targeted therapy as a primary consideration.

The discordance in prognostic risk classifications stems from the differential emphasis placed on these two biological axes by various gene expression signatures:
*   **High-Risk Classifications (Oncotype DX, Mammostrat, Kim-10, IRRS-7):** These algorithms appear to heavily weigh the proliferative component (MKI67 and associated cell cycle genes). Their ""High Risk"" output reflects the aggressive, rapidly dividing nature of the tumor, suggesting an increased likelihood of recurrence despite ER positivity.
*   **Low-Risk Classifications (PAM50, BCI, IHC4, Hu-11):** These algorithms likely prioritize the strong ER-positivity and the overall luminal phenotype. For instance, PAM50 might classify this as Luminal A (despite high proliferation) or a favorable Luminal B, while BCI might emphasize the long-term endocrine responsiveness associated with high ER. The ""Low Risk"" classification by IHC4, despite the high MKI67 mRNA, is particularly notable and suggests that the overall protein expression profile (ER+, HER2-, and potentially PR+ if available) or specific thresholding within the IHC4 model might have led to a lower risk assignment, or that the strong ER signal was dominant.

**2. Systematic Root Cause of Discordance:**

The systematic root cause of this discordance is the patient's tumor exhibiting a ""mixed signal"" or a **Luminal B-like molecular phenotype**. This phenotype is characterized by strong ER-positivity (like Luminal A) but also by a high proliferative index (unlike typical Luminal A, and more akin to Luminal B).

Different multi-gene expression signatures employ distinct algorithms and weighting schemes for various biological pathways. Some assays are more sensitive to and heavily penalize high proliferation (e.g., Oncotype DX's Recurrence Score is significantly influenced by proliferation genes), leading to a high-risk classification. Others might integrate proliferation within a broader context where strong ER-positivity or other favorable markers (e.g., lack of HER2 amplification, specific gene ratios) can still push the overall risk towards a lower category, especially for long-term recurrence (e.g., BCI).

In essence, the tumor presents a biological paradox: it is highly hormone-sensitive, suggesting a good prognosis with endocrine therapy, but it is also highly proliferative, indicating a higher intrinsic risk of recurrence. The algorithmic outputs diverge based on which of these dominant biological features their specific models prioritize in their final risk stratification.

**3. Final Clinical Recommendation (Anchored in NCCN Guidelines):**

Given the patient's Stage IIB diagnosis, the strong ER-positivity (ESR1 = 5.8), HER2-negativity (ERBB2 = 1.1), and critically, the elevated proliferative index (MKI67 = 1.2), this patient's tumor exhibits features consistent with a **high-risk ER+/HER2- breast cancer (Luminal B-like phenotype)**.

While some assays indicate low risk, the consistent ""High Risk"" classification from multiple prominent assays, including Oncotype DX (which is a widely accepted tool for guiding adjuvant chemotherapy decisions in ER+/HER2- disease), coupled with the direct evidence of high MKI67 expression, strongly suggests a need for aggressive systemic therapy.

**Recommendation:**

1.  **Adjuvant Endocrine Therapy:** This is mandatory due to the strong ER-positivity. It should be initiated and continued as per NCCN guidelines for ER+/HER2- breast cancer.
2.  **Adjuvant Chemotherapy:** Strongly recommended. The high MKI67 expression and the ""High Risk"" classifications from Oncotype DX, Mammostrat, Kim-10, and IRRS-7 indicate a significant risk of recurrence that is unlikely to be fully mitigated by endocrine therapy alone. Adjuvant chemotherapy should be considered to address the proliferative component of the tumor and reduce the risk of distant recurrence. This approach aligns with NCCN guidelines for high-risk ER+/HER2- breast cancer, where genomic assays indicating high risk typically warrant consideration of chemotherapy.

This integrated therapeutic strategy, combining endocrine therapy with chemotherapy, aims to effectively target both the hormone-driven and the proliferative aspects of this aggressive ER-positive tumor, thereby optimizing recurrence prevention.",5,"The text explicitly identifies key biological drivers (ESR1, MKI67, ERBB2) and synthesizes their conflicting signals into a 'Luminal B-like' phenotype. It then maps how different prognostic assays differentially weigh these specific biological pathways (ER pathway vs. proliferation pathway) to explain the observed discordance, providing a clear, hallucination-free explanation of the underlying biology.",5,"The CDSS accurately diagnoses the exact root cause of the prognostic discordance as a 'Luminal B-like molecular phenotype,' directly derived from the unique transcriptomic footprint (strong ER-positivity and high proliferative index). It precisely explains how different algorithms interpret and weigh these specific transcriptomic features, leading to divergent risk classifications.",5,"The recommendations are clear, specific, and directly actionable (Adjuvant Endocrine Therapy, Adjuvant Chemotherapy). They are firmly anchored in established NCCN guidelines for high-risk ER+/HER2- breast cancer, providing robust literature backing and a comprehensive rationale for the combined therapeutic strategy."
